student_id,student_name
S0001,Mahmoud Fathi
S0002,Ibrahim Shams
S0003,Youssef Sayed
S0004,Omar Sayed
S0005,Omar Ali
S0006,Ahmed Fouad
S0007,Omar Tarek
S0008,Ali Ali
S0009,Abdullah Ali
S0010,Omar Fathi
S0011,Mahmoud Ali
S0012,Abdullah Sayed
S0013,Hassan Mansour
S0014,Khaled Fouad
S0015,Abdullah Ali
S0016,Ali Sayed
S0017,Ibrahim Fouad
S0018,Khaled Ali
S0019,Hassan Nabil
S0020,Khaled Tarek
S0021,Khaled Fouad
S0022,Youssef Sayed
S0023,Ali Fouad
S0024,Mahmoud Ali
S0025,Hassan Fouad
S0026,Ahmed Khalil
S0027,Ibrahim Ali
S0028,Khaled Hussein
S0029,Omar Fouad
S0030,Omar Sayed
S0031,Khaled Mansour
S0032,Youssef Fouad
S0033,Khaled Sayed
S0034,Abdullah Tarek
S0035,Mohamed Mansour
S0036,Abdullah Sayed
S0037,Youssef Khalil
S0038,Omar Fathi
S0039,Ali Nabil
S0040,Ali Fathi
S0041,Ali Sayed
S0042,Khaled Ali
S0043,Khaled Shams
S0044,Omar Tarek
S0045,Khaled Sayed
S0046,Ali Sayed
S0047,Abdullah Ali
S0048,Ali Shams
S0049,Omar Fathi
S0050,Ahmed Sayed
S0051,Youssef Khalil
S0052,Ahmed Mansour
S0053,Omar Sayed
S0054,Hassan Ali
S0055,Hassan Mansour
S0056,Mohamed Sayed
S0057,Hassan Mansour
S0058,Mohamed Mansour
S0059,Mohamed Fathi
S0060,Youssef Tarek
S0061,Ibrahim Shams
S0062,Abdullah Sayed
S0063,Ahmed Tarek
S0064,Khaled Khalil
S0065,Hassan Nabil
S0066,Abdullah Fathi
S0067,Hassan Ali
S0068,Ibrahim Khalil
S0069,Mahmoud Mansour
S0070,Youssef Ali
S0071,Youssef Sayed
S0072,Abdullah Hussein
S0073,Khaled Nabil
S0074,Ahmed Hussein
S0075,Mahmoud Nabil
S0076,Khaled Fathi
S0077,Hassan Hussein
S0078,Mohamed Khalil
S0079,Youssef Sayed
S0080,Khaled Sayed
S0081,Mohamed Khalil
S0082,Ahmed Khalil
S0083,Mahmoud Nabil
S0084,Ahmed Tarek
S0085,Mohamed Fouad
S0086,Ali Hussein
S0087,Youssef Hussein
S0088,Ahmed Khalil
S0089,Abdullah Hussein
S0090,Mahmoud Fouad
S0091,Ali Hussein
S0092,Ahmed Shams
S0093,Hassan Khalil
S0094,Ali Khalil
S0095,Khaled Nabil
S0096,Mahmoud Hussein
S0097,Mohamed Fouad
S0098,Omar Fathi
S0099,Ibrahim Nabil
S0100,Ahmed Tarek
S0101,Mohamed Ali
S0102,Khaled Mansour
S0103,Ali Ali
S0104,Ibrahim Hussein
S0105,Ali Fouad
S0106,Ibrahim Tarek
S0107,Omar Hussein
S0108,Ali Tarek
S0109,Mohamed Shams
S0110,Youssef Fouad
S0111,Hassan Nabil
S0112,Ibrahim Hussein
S0113,Youssef Mansour
S0114,Abdullah Shams
S0115,Ahmed Hussein
S0116,Khaled Ali
S0117,Ahmed Fathi
S0118,Hassan Hussein
S0119,Mohamed Ali
S0120,Abdullah Tarek
S0121,Ali Fouad
S0122,Mahmoud Tarek
S0123,Mahmoud Tarek
S0124,Youssef Fouad
S0125,Mohamed Hussein
S0126,Ali Fathi
S0127,Mohamed Khalil
S0128,Hassan Fathi
S0129,Ibrahim Fathi
S0130,Ibrahim Khalil
S0131,Khaled Ali
S0132,Mohamed Nabil
S0133,Mohamed Fathi
S0134,Ahmed Fouad
S0135,Khaled Fouad
S0136,Hassan Khalil
S0137,Mahmoud Fathi
S0138,Omar Tarek
S0139,Ahmed Khalil
S0140,Hassan Ali
S0141,Mahmoud Hussein
S0142,Omar Fouad
S0143,Abdullah Shams
S0144,Abdullah Fouad
S0145,Abdullah Shams
S0146,Mahmoud Ali
S0147,Mahmoud Nabil
S0148,Khaled Mansour
S0149,Ahmed Mansour
S0150,Mahmoud Tarek
S0151,Mahmoud Hussein
S0152,Ali Nabil
S0153,Mohamed Sayed
S0154,Ahmed Mansour
S0155,Abdullah Khalil
S0156,Mohamed Fathi
S0157,Ibrahim Nabil
S0158,Youssef Shams
S0159,Ahmed Nabil
S0160,Khaled Tarek
S0161,Omar Fouad
S0162,Mohamed Mansour
S0163,Hassan Sayed
S0164,Youssef Fouad
S0165,Khaled Ali
S0166,Omar Fouad
S0167,Ali Nabil
S0168,Youssef Fathi
S0169,Ahmed Nabil
S0170,Ahmed Fathi
S0171,Ibrahim Nabil
S0172,Mohamed Ali
S0173,Omar Fathi
S0174,Ibrahim Hussein
S0175,Abdullah Mansour
S0176,Khaled Ali
S0177,Ahmed Khalil
S0178,Ibrahim Mansour
S0179,Mohamed Nabil
S0180,Hassan Mansour
S0181,Ali Khalil
S0182,Ibrahim Tarek
S0183,Abdullah Fathi
S0184,Abdullah Fouad
S0185,Mahmoud Fouad
S0186,Mahmoud Ali
S0187,Mahmoud Hussein
S0188,Khaled Hussein
S0189,Hassan Fouad
S0190,Ali Hussein
S0191,Abdullah Hussein
S0192,Abdullah Tarek
S0193,Ahmed Fouad
S0194,Omar Hussein
S0195,Omar Ali
S0196,Omar Tarek
S0197,Mahmoud Fouad
S0198,Abdullah Ali
S0199,Mahmoud Fouad
S0200,Youssef Khalil
S0201,Ibrahim Khalil
S0202,Ibrahim Fouad
S0203,Mohamed Nabil
S0204,Mahmoud Fathi
S0205,Hassan Fouad
S0206,Omar Shams
S0207,Youssef Fathi
S0208,Khaled Ali
S0209,Khaled Shams
S0210,Hassan Hussein
S0211,Ahmed Mansour
S0212,Hassan Mansour
S0213,Ahmed Shams
S0214,Hassan Ali
S0215,Hassan Nabil
S0216,Ali Fouad
S0217,Khaled Shams
S0218,Youssef Fouad
S0219,Ibrahim Fathi
S0220,Ahmed Sayed
S0221,Youssef Fouad
S0222,Mahmoud Hussein
S0223,Mahmoud Shams
S0224,Hassan Sayed
S0225,Ahmed Nabil
S0226,Khaled Shams
S0227,Mahmoud Fathi
S0228,Hassan Mansour
S0229,Youssef Nabil
S0230,Mahmoud Ali
S0231,Hassan Sayed
S0232,Hassan Khalil
S0233,Youssef Sayed
S0234,Khaled Khalil
S0235,Ibrahim Fouad
S0236,Khaled Khalil
S0237,Omar Tarek
S0238,Mohamed Nabil
S0239,Omar Ali
S0240,Abdullah Hussein
S0241,Mohamed Sayed
S0242,Mahmoud Mansour
S0243,Mohamed Sayed
S0244,Hassan Nabil
S0245,Ibrahim Hussein
S0246,Ali Fathi
S0247,Ali Hussein
S0248,Abdullah Fathi
S0249,Abdullah Mansour
S0250,Youssef Nabil
S0251,Ali Shams
S0252,Mahmoud Khalil
S0253,Abdullah Tarek
S0254,Khaled Fouad
S0255,Youssef Khalil
S0256,Mohamed Sayed
S0257,Abdullah Tarek
S0258,Youssef Tarek
S0259,Omar Mansour
S0260,Youssef Fouad
S0261,Mohamed Sayed
S0262,Hassan Mansour
S0263,Ibrahim Mansour
S0264,Hassan Fouad
S0265,Mahmoud Khalil
S0266,Ibrahim Sayed
S0267,Hassan Ali
S0268,Youssef Fathi
S0269,Mahmoud Tarek
S0270,Hassan Mansour
S0271,Khaled Hussein
S0272,Mahmoud Tarek
S0273,Khaled Khalil
S0274,Ibrahim Fathi
S0275,Mahmoud Hussein
S0276,Ibrahim Hussein
S0277,Mohamed Ali
S0278,Omar Khalil
S0279,Youssef Nabil
S0280,Khaled Sayed
S0281,Ahmed Nabil
S0282,Ali Fouad
S0283,Hassan Khalil
S0284,Ibrahim Hussein
S0285,Abdullah Ali
S0286,Mohamed Hussein
S0287,Ahmed Ali
S0288,Hassan Mansour
S0289,Abdullah Mansour
S0290,Mohamed Shams
S0291,Ibrahim Ali
S0292,Hassan Fouad
S0293,Ali Sayed
S0294,Ali Khalil
S0295,Ali Khalil
S0296,Youssef Mansour
S0297,Khaled Ali
S0298,Mahmoud Shams
S0299,Abdullah Fathi
S0300,Youssef Khalil
S0301,Mohamed Shams
S0302,Abdullah Nabil
S0303,Mohamed Shams
S0304,Hassan Sayed
S0305,Khaled Nabil
S0306,Ahmed Nabil
S0307,Abdullah Sayed
S0308,Ibrahim Shams
S0309,Hassan Ali
S0310,Ahmed Hussein
S0311,Khaled Fathi
S0312,Youssef Sayed
S0313,Youssef Nabil
S0314,Ali Ali
S0315,Omar Sayed
S0316,Mahmoud Fathi
S0317,Khaled Fouad
S0318,Ali Fouad
S0319,Omar Fouad
S0320,Hassan Nabil
S0321,Ibrahim Fathi
S0322,Ibrahim Shams
S0323,Mahmoud Ali
S0324,Mahmoud Ali
S0325,Khaled Tarek
S0326,Ibrahim Tarek
S0327,Hassan Ali
S0328,Youssef Nabil
S0329,Youssef Mansour
S0330,Youssef Mansour
S0331,Mahmoud Fouad
S0332,Ibrahim Shams
S0333,Ahmed Ali
S0334,Mahmoud Nabil
S0335,Ali Hussein
S0336,Mohamed Nabil
S0337,Youssef Nabil
S0338,Mohamed Shams
S0339,Mahmoud Mansour
S0340,Youssef Sayed
S0341,Hassan Mansour
S0342,Hassan Nabil
S0343,Ibrahim Shams
S0344,Ahmed Tarek
S0345,Mohamed Sayed
S0346,Ahmed Ali
S0347,Youssef Shams
S0348,Ibrahim Mansour
S0349,Youssef Nabil
S0350,Youssef Mansour
S0351,Ahmed Fathi
S0352,Abdullah Shams
S0353,Ali Hussein
S0354,Hassan Ali
S0355,Ibrahim Fouad
S0356,Hassan Khalil
S0357,Youssef Sayed
S0358,Omar Ali
S0359,Youssef Shams
S0360,Youssef Sayed
S0361,Mahmoud Fouad
S0362,Hassan Ali
S0363,Ibrahim Mansour
S0364,Khaled Ali
S0365,Ali Mansour
S0366,Ali Fouad
S0367,Hassan Ali
S0368,Hassan Fouad
S0369,Mohamed Nabil
S0370,Hassan Shams
S0371,Khaled Fathi
S0372,Ibrahim Ali
S0373,Abdullah Sayed
S0374,Mahmoud Khalil
S0375,Mohamed Hussein
S0376,Abdullah Fathi
S0377,Ahmed Mansour
S0378,Mahmoud Hussein
S0379,Omar Mansour
S0380,Youssef Shams
S0381,Mohamed Fathi
S0382,Mohamed Shams
S0383,Ahmed Fathi
S0384,Mahmoud Nabil
S0385,Ibrahim Sayed
S0386,Youssef Shams
S0387,Khaled Shams
S0388,Omar Fathi
S0389,Ahmed Fouad
S0390,Hassan Ali
S0391,Khaled Ali
S0392,Mohamed Fouad
S0393,Omar Shams
S0394,Youssef Ali
S0395,Mahmoud Tarek
S0396,Ahmed Shams
S0397,Mohamed Mansour
S0398,Khaled Khalil
S0399,Ahmed Tarek
S0400,Ahmed Shams
S0401,Hassan Nabil
S0402,Mohamed Tarek
S0403,Ahmed Shams
S0404,Mohamed Khalil
S0405,Ibrahim Nabil
S0406,Youssef Nabil
S0407,Mohamed Shams
S0408,Abdullah Khalil
S0409,Khaled Hussein
S0410,Abdullah Ali
S0411,Hassan Sayed
S0412,Mahmoud Hussein
S0413,Ahmed Ali
S0414,Khaled Mansour
S0415,Abdullah Nabil
S0416,Mahmoud Shams
S0417,Mahmoud Mansour
S0418,Hassan Mansour
S0419,Mahmoud Shams
S0420,Omar Ali
S0421,Hassan Fouad
S0422,Khaled Khalil
S0423,Mohamed Shams
S0424,Mohamed Shams
S0425,Ali Hussein
S0426,Abdullah Fouad
S0427,Omar Fathi
S0428,Ahmed Mansour
S0429,Omar Ali
S0430,Ahmed Mansour
S0431,Khaled Tarek
S0432,Ahmed Fathi
S0433,Omar Tarek
S0434,Khaled Shams
S0435,Youssef Hussein
S0436,Ibrahim Fathi
S0437,Khaled Mansour
S0438,Mahmoud Khalil
S0439,Omar Ali
S0440,Ibrahim Nabil
S0441,Mahmoud Shams
S0442,Ahmed Fathi
S0443,Abdullah Tarek
S0444,Omar Tarek
S0445,Mohamed Shams
S0446,Omar Ali
S0447,Mahmoud Ali
S0448,Abdullah Hussein
S0449,Mahmoud Tarek
S0450,Abdullah Hussein
S0451,Hassan Hussein
S0452,Mahmoud Mansour
S0453,Ibrahim Nabil
S0454,Youssef Sayed
S0455,Ali Fouad
S0456,Abdullah Khalil
S0457,Mahmoud Nabil
S0458,Ahmed Sayed
S0459,Ali Hussein
S0460,Omar Hussein
S0461,Ahmed Fathi
S0462,Ali Ali
S0463,Ali Khalil
S0464,Ahmed Sayed
S0465,Khaled Shams
S0466,Abdullah Nabil
S0467,Ali Ali
S0468,Khaled Fathi
S0469,Mahmoud Ali
S0470,Ibrahim Fathi
S0471,Youssef Khalil
S0472,Hassan Mansour
S0473,Ali Ali
S0474,Hassan Fathi
S0475,Youssef Sayed
S0476,Ahmed Fouad
S0477,Ahmed Fouad
S0478,Hassan Sayed
S0479,Omar Khalil
S0480,Ibrahim Mansour
S0481,Abdullah Tarek
S0482,Hassan Hussein
S0483,Mohamed Mansour
S0484,Abdullah Fouad
S0485,Ahmed Nabil
S0486,Omar Shams
S0487,Mahmoud Fouad
S0488,Youssef Sayed
S0489,Abdullah Fathi
S0490,Ibrahim Sayed
S0491,Youssef Khalil
S0492,Ali Hussein
S0493,Mohamed Sayed
S0494,Youssef Fouad
S0495,Omar Mansour
S0496,Omar Ali
S0497,Youssef Tarek
S0498,Ahmed Sayed
S0499,Ali Shams
S0500,Ali Fouad
S0501,Omar Khalil
S0502,Mohamed Mansour
S0503,Mohamed Fouad
S0504,Ibrahim Khalil
S0505,Youssef Shams
S0506,Ibrahim Tarek
S0507,Khaled Tarek
S0508,Mahmoud Shams
S0509,Mahmoud Sayed
S0510,Abdullah Mansour
S0511,Ibrahim Khalil
S0512,Ali Nabil
S0513,Hassan Tarek
S0514,Ibrahim Khalil
S0515,Ibrahim Sayed
S0516,Mahmoud Hussein
S0517,Ahmed Shams
S0518,Ali Tarek
S0519,Youssef Fouad
S0520,Abdullah Fouad
S0521,Mahmoud Fouad
S0522,Mohamed Fathi
S0523,Ahmed Fouad
S0524,Mahmoud Nabil
S0525,Omar Tarek
S0526,Omar Hussein
S0527,Mahmoud Fathi
S0528,Hassan Khalil
S0529,Youssef Nabil
S0530,Mahmoud Shams
S0531,Youssef Sayed
S0532,Khaled Nabil
S0533,Ahmed Khalil
S0534,Mohamed Ali
S0535,Omar Nabil
S0536,Mohamed Khalil
S0537,Youssef Nabil
S0538,Mohamed Nabil
S0539,Ibrahim Tarek
S0540,Omar Fathi
S0541,Ali Ali
S0542,Ahmed Nabil
S0543,Ibrahim Tarek
S0544,Ahmed Fouad
S0545,Ahmed Ali
S0546,Abdullah Nabil
S0547,Ahmed Mansour
S0548,Mahmoud Fouad
S0549,Ali Nabil
S0550,Mahmoud Shams
S0551,Mohamed Shams
S0552,Youssef Hussein
S0553,Ahmed Ali
S0554,Omar Sayed
S0555,Khaled Mansour
S0556,Mahmoud Hussein
S0557,Hassan Hussein
S0558,Mahmoud Tarek
S0559,Ali Hussein
S0560,Ahmed Khalil
S0561,Khaled Tarek
S0562,Abdullah Fouad
S0563,Ibrahim Ali
S0564,Youssef Fouad
S0565,Mohamed Hussein
S0566,Khaled Mansour
S0567,Omar Ali
S0568,Abdullah Mansour
S0569,Abdullah Fathi
S0570,Omar Nabil
S0571,Ahmed Tarek
S0572,Mahmoud Ali
S0573,Ibrahim Mansour
S0574,Hassan Sayed
S0575,Ibrahim Fathi
S0576,Hassan Fathi
S0577,Mahmoud Nabil
S0578,Omar Ali
S0579,Ahmed Tarek
S0580,Ali Sayed
S0581,Youssef Tarek
S0582,Ahmed Hussein
S0583,Abdullah Mansour
S0584,Omar Sayed
S0585,Khaled Ali
S0586,Hassan Fouad
S0587,Khaled Shams
S0588,Khaled Nabil
S0589,Mohamed Mansour
S0590,Hassan Nabil
S0591,Ibrahim Sayed
S0592,Ibrahim Shams
S0593,Ahmed Shams
S0594,Mohamed Mansour
S0595,Mohamed Ali
S0596,Mahmoud Fouad
S0597,Ibrahim Tarek
S0598,Khaled Fathi
S0599,Ahmed Hussein
S0600,Youssef Khalil
S0601,Mohamed Ali
S0602,Ahmed Khalil
S0603,Youssef Fouad
S0604,Omar Fouad
S0605,Khaled Ali
S0606,Omar Mansour
S0607,Ibrahim Khalil
S0608,Abdullah Fathi
S0609,Ahmed Fouad
S0610,Ibrahim Khalil
S0611,Ibrahim Shams
S0612,Mahmoud Tarek
S0613,Mohamed Khalil
S0614,Youssef Mansour
S0615,Youssef Ali
S0616,Khaled Shams
S0617,Omar Sayed
S0618,Ibrahim Mansour
S0619,Mohamed Mansour
S0620,Omar Hussein
S0621,Youssef Nabil
S0622,Mahmoud Shams
S0623,Hassan Shams
S0624,Youssef Ali
S0625,Ahmed Tarek
S0626,Youssef Fouad
S0627,Youssef Fouad
S0628,Mohamed Nabil
S0629,Youssef Shams
S0630,Omar Sayed
S0631,Abdullah Sayed
S0632,Hassan Khalil
S0633,Mohamed Ali
S0634,Youssef Hussein
S0635,Ibrahim Tarek
S0636,Ibrahim Nabil
S0637,Khaled Ali
S0638,Khaled Fathi
S0639,Ibrahim Khalil
S0640,Ahmed Sayed
S0641,Ahmed Tarek
S0642,Ibrahim Nabil
S0643,Ibrahim Khalil
S0644,Youssef Shams
S0645,Hassan Fathi
S0646,Hassan Khalil
S0647,Hassan Shams
S0648,Ali Fouad
S0649,Khaled Shams
S0650,Ali Hussein
S0651,Mahmoud Nabil
S0652,Omar Fathi
S0653,Abdullah Ali
S0654,Youssef Tarek
S0655,Omar Nabil
S0656,Mohamed Nabil
S0657,Abdullah Fathi
S0658,Mahmoud Fouad
S0659,Hassan Khalil
S0660,Mohamed Khalil
S0661,Mahmoud Nabil
S0662,Khaled Hussein
S0663,Mahmoud Sayed
S0664,Omar Fouad
S0665,Ali Khalil
S0666,Abdullah Shams
S0667,Mohamed Nabil
S0668,Ibrahim Shams
S0669,Ibrahim Shams
S0670,Khaled Ali
S0671,Ibrahim Tarek
S0672,Omar Nabil
S0673,Khaled Khalil
S0674,Ali Khalil
S0675,Omar Shams
S0676,Ibrahim Nabil
S0677,Ali Shams
S0678,Ahmed Sayed
S0679,Mohamed Shams
S0680,Omar Ali
S0681,Ahmed Hussein
S0682,Abdullah Nabil
S0683,Mahmoud Hussein
S0684,Ali Tarek
S0685,Mahmoud Fouad
S0686,Ali Fathi
S0687,Omar Hussein
S0688,Omar Mansour
S0689,Omar Tarek
S0690,Ali Mansour
S0691,Khaled Nabil
S0692,Omar Fathi
S0693,Youssef Khalil
S0694,Mohamed Khalil
S0695,Mohamed Khalil
S0696,Khaled Fathi
S0697,Omar Tarek
S0698,Mahmoud Nabil
S0699,Hassan Hussein
S0700,Omar Ali
S0701,Ibrahim Fouad
S0702,Mahmoud Ali
S0703,Ali Nabil
S0704,Youssef Sayed
S0705,Ali Fouad
S0706,Hassan Mansour
S0707,Ibrahim Tarek
S0708,Mohamed Khalil
S0709,Youssef Fathi
S0710,Abdullah Fouad
S0711,Hassan Fathi
S0712,Abdullah Shams
S0713,Hassan Mansour
S0714,Ahmed Sayed
S0715,Khaled Fouad
S0716,Mohamed Fathi
S0717,Ali Ali
S0718,Hassan Fathi
S0719,Ali Fouad
S0720,Mohamed Ali
S0721,Omar Shams
S0722,Mahmoud Fathi
S0723,Ali Ali
S0724,Hassan Tarek
S0725,Ibrahim Fouad
S0726,Mahmoud Fouad
S0727,Abdullah Shams
S0728,Abdullah Khalil
S0729,Mohamed Hussein
S0730,Mohamed Mansour
S0731,Khaled Hussein
S0732,Ali Sayed
S0733,Omar Sayed
S0734,Ibrahim Tarek
S0735,Ahmed Nabil
S0736,Hassan Fouad
S0737,Mahmoud Khalil
S0738,Omar Nabil
S0739,Khaled Hussein
S0740,Abdullah Shams
S0741,Khaled Fouad
S0742,Ibrahim Hussein
S0743,Abdullah Shams
S0744,Omar Sayed
S0745,Youssef Hussein
S0746,Youssef Nabil
S0747,Hassan Khalil
S0748,Ali Nabil
S0749,Ahmed Shams
S0750,Khaled Khalil
S0751,Youssef Fathi
S0752,Ahmed Khalil
S0753,Mohamed Mansour
S0754,Omar Hussein
S0755,Abdullah Fouad
S0756,Abdullah Tarek
S0757,Ibrahim Tarek
S0758,Mohamed Ali
S0759,Ahmed Tarek
S0760,Ali Fouad
S0761,Ibrahim Fathi
S0762,Hassan Sayed
S0763,Ali Tarek
S0764,Ali Hussein
S0765,Mohamed Sayed
S0766,Ibrahim Ali
S0767,Youssef Ali
S0768,Youssef Sayed
S0769,Mahmoud Fathi
S0770,Abdullah Shams
S0771,Khaled Hussein
S0772,Ahmed Tarek
S0773,Youssef Khalil
S0774,Mahmoud Hussein
S0775,Ibrahim Ali
S0776,Mohamed Sayed
S0777,Hassan Hussein
S0778,Mahmoud Nabil
S0779,Ibrahim Fathi
S0780,Youssef Hussein
S0781,Mohamed Mansour
S0782,Mahmoud Tarek
S0783,Ibrahim Fouad
S0784,Hassan Fathi
S0785,Abdullah Mansour
S0786,Omar Tarek
S0787,Khaled Ali
S0788,Abdullah Shams
S0789,Ali Mansour
S0790,Abdullah Mansour
S0791,Mahmoud Fouad
S0792,Mohamed Khalil
S0793,Mohamed Sayed
S0794,Youssef Ali
S0795,Ibrahim Nabil
S0796,Ali Mansour
S0797,Ali Khalil
S0798,Ibrahim Sayed
S0799,Youssef Fouad
S0800,Hassan Fouad
S0801,Ahmed Nabil
S0802,Ibrahim Tarek
S0803,Ahmed Ali
S0804,Mohamed Sayed
S0805,Khaled Khalil
S0806,Ibrahim Nabil
S0807,Ibrahim Hussein
S0808,Mohamed Nabil
S0809,Ali Ali
S0810,Ahmed Nabil
S0811,Ali Tarek
S0812,Ahmed Fouad
S0813,Ali Fouad
S0814,Hassan Hussein
S0815,Omar Mansour
S0816,Ali Nabil
S0817,Ibrahim Tarek
S0818,Youssef Nabil
S0819,Omar Shams
S0820,Khaled Ali
S0821,Abdullah Hussein
S0822,Khaled Sayed
S0823,Hassan Fouad
S0824,Hassan Ali
S0825,Ahmed Sayed
S0826,Mahmoud Mansour
S0827,Khaled Shams
S0828,Ahmed Fathi
S0829,Khaled Hussein
S0830,Mohamed Shams
S0831,Hassan Shams
S0832,Youssef Sayed
S0833,Youssef Hussein
S0834,Youssef Fouad
S0835,Ibrahim Mansour
S0836,Khaled Khalil
S0837,Ali Khalil
S0838,Ali Ali
S0839,Khaled Sayed
S0840,Abdullah Fouad
S0841,Omar Sayed
S0842,Ali Fathi
S0843,Khaled Shams
S0844,Ibrahim Mansour
S0845,Mahmoud Shams
S0846,Ibrahim Hussein
S0847,Youssef Fathi
S0848,Omar Fathi
S0849,Omar Ali
S0850,Youssef Nabil
S0851,Ibrahim Fouad
S0852,Ibrahim Hussein
S0853,Khaled Khalil
S0854,Hassan Shams
S0855,Ahmed Ali
S0856,Mahmoud Fathi
S0857,Omar Fouad
S0858,Mohamed Hussein
S0859,Khaled Nabil
S0860,Mohamed Mansour
S0861,Youssef Fouad
S0862,Mohamed Fathi
S0863,Ali Fathi
S0864,Ibrahim Nabil
S0865,Mahmoud Tarek
S0866,Mohamed Tarek
S0867,Khaled Fathi
S0868,Mohamed Nabil
S0869,Ahmed Khalil
S0870,Hassan Shams
S0871,Omar Shams
S0872,Mahmoud Hussein
S0873,Youssef Hussein
S0874,Mahmoud Khalil
S0875,Ali Hussein
S0876,Hassan Fathi
S0877,Khaled Hussein
S0878,Mohamed Mansour
S0879,Mahmoud Nabil
S0880,Omar Tarek
S0881,Khaled Sayed
S0882,Youssef Tarek
S0883,Ahmed Ali
S0884,Ali Shams
S0885,Omar Sayed
S0886,Ahmed Shams
S0887,Ali Hussein
S0888,Mahmoud Fathi
S0889,Ahmed Fathi
S0890,Ibrahim Ali
S0891,Mahmoud Nabil
S0892,Mohamed Tarek
S0893,Ahmed Fouad
S0894,Youssef Hussein
S0895,Khaled Mansour
S0896,Omar Ali
S0897,Khaled Fouad
S0898,Youssef Shams
S0899,Youssef Hussein
S0900,Ali Nabil
S0901,Abdullah Mansour
S0902,Hassan Nabil
S0903,Mahmoud Khalil
S0904,Ibrahim Shams
S0905,Ahmed Ali
S0906,Omar Nabil
S0907,Mohamed Hussein
S0908,Ali Khalil
S0909,Ali Fathi
S0910,Ibrahim Mansour
S0911,Mahmoud Ali
S0912,Mohamed Tarek
S0913,Omar Hussein
S0914,Khaled Nabil
S0915,Mohamed Nabil
S0916,Mohamed Tarek
S0917,Mahmoud Fathi
S0918,Ibrahim Khalil
S0919,Ahmed Fathi
S0920,Youssef Hussein
S0921,Ibrahim Fouad
S0922,Ibrahim Mansour
S0923,Hassan Ali
S0924,Youssef Tarek
S0925,Youssef Hussein
S0926,Omar Sayed
S0927,Mahmoud Nabil
S0928,Ibrahim Nabil
S0929,Ali Tarek
S0930,Mahmoud Shams
S0931,Hassan Fathi
S0932,Khaled Mansour
S0933,Khaled Mansour
S0934,Youssef Mansour
S0935,Khaled Khalil
S0936,Khaled Tarek
S0937,Youssef Ali
S0938,Omar Nabil
S0939,Ali Ali
S0940,Ali Fouad
S0941,Ibrahim Fouad
S0942,Omar Ali
S0943,Ibrahim Mansour
S0944,Omar Fouad
S0945,Ahmed Mansour
S0946,Omar Tarek
S0947,Ibrahim Mansour
S0948,Youssef Ali
S0949,Omar Mansour
S0950,Mohamed Hussein
S0951,Omar Khalil
S0952,Youssef Sayed
S0953,Ali Hussein
S0954,Youssef Shams
S0955,Youssef Tarek
S0956,Khaled Fouad
S0957,Hassan Mansour
S0958,Ibrahim Hussein
S0959,Mohamed Mansour
S0960,Omar Ali
S0961,Mohamed Ali
S0962,Ahmed Khalil
S0963,Mohamed Hussein
S0964,Omar Hussein
S0965,Hassan Sayed
S0966,Mohamed Shams
S0967,Ahmed Ali
S0968,Hassan Ali
S0969,Abdullah Shams
S0970,Mohamed Nabil
S0971,Youssef Tarek
S0972,Youssef Hussein
S0973,Ali Fathi
S0974,Hassan Khalil
S0975,Youssef Sayed
S0976,Ahmed Nabil
S0977,Khaled Hussein
S0978,Hassan Ali
S0979,Ahmed Hussein
S0980,Hassan Mansour
S0981,Abdullah Tarek
S0982,Ibrahim Fouad
S0983,Ahmed Nabil
S0984,Ahmed Mansour
S0985,Hassan Tarek
S0986,Hassan Mansour
S0987,Youssef Nabil
S0988,Youssef Sayed
S0989,Khaled Shams
S0990,Ahmed Ali
S0991,Ibrahim Ali
S0992,Hassan Shams
S0993,Ahmed Khalil
S0994,Mahmoud Mansour
S0995,Ali Fouad
S0996,Ali Fathi
S0997,Mahmoud Mansour
S0998,Mohamed Khalil
S0999,Ahmed Khalil
S1000,Ali Sayed
S1001,Abdullah Ali
S1002,Mahmoud Mansour
S1003,Hassan Hussein
S1004,Mohamed Tarek
S1005,Ibrahim Khalil
S1006,Ahmed Ali
S1007,Mohamed Fathi
S1008,Ali Tarek
S1009,Hassan Nabil
S1010,Abdullah Khalil
S1011,Abdullah Ali
S1012,Mahmoud Nabil
S1013,Ibrahim Shams
S1014,Ahmed Fathi
S1015,Omar Mansour
S1016,Mahmoud Tarek
S1017,Abdullah Tarek
S1018,Khaled Tarek
S1019,Ahmed Tarek
S1020,Ahmed Fathi
S1021,Mahmoud Sayed
S1022,Mohamed Mansour
S1023,Khaled Hussein
S1024,Ibrahim Fouad
S1025,Abdullah Fouad
S1026,Abdullah Sayed
S1027,Abdullah Nabil
S1028,Omar Tarek
S1029,Youssef Khalil
S1030,Ahmed Khalil
S1031,Omar Fouad
S1032,Abdullah Sayed
S1033,Mahmoud Fouad
S1034,Ibrahim Fouad
S1035,Hassan Sayed
S1036,Abdullah Ali
S1037,Mahmoud Nabil
S1038,Mohamed Ali
S1039,Mohamed Nabil
S1040,Mahmoud Ali
S1041,Mahmoud Fouad
S1042,Abdullah Hussein
S1043,Mahmoud Shams
S1044,Ali Fouad
S1045,Mohamed Tarek
S1046,Ibrahim Hussein
S1047,Ibrahim Hussein
S1048,Mohamed Fouad
S1049,Ahmed Fathi
S1050,Ibrahim Hussein
S1051,Omar Shams
S1052,Omar Ali
S1053,Mahmoud Fathi
S1054,Mohamed Shams
S1055,Abdullah Mansour
S1056,Mohamed Fouad
S1057,Omar Tarek
S1058,Mahmoud Nabil
S1059,Ibrahim Fouad
S1060,Khaled Nabil
S1061,Khaled Ali
S1062,Ahmed Fathi
S1063,Hassan Fathi
S1064,Khaled Fouad
S1065,Omar Khalil
S1066,Ibrahim Sayed
S1067,Youssef Khalil
S1068,Ibrahim Fathi
S1069,Khaled Tarek
S1070,Mahmoud Khalil
S1071,Abdullah Fouad
S1072,Mahmoud Shams
S1073,Hassan Sayed
S1074,Abdullah Ali
S1075,Ibrahim Sayed
S1076,Ahmed Khalil
S1077,Youssef Ali
S1078,Mahmoud Tarek
S1079,Hassan Nabil
S1080,Hassan Khalil
S1081,Omar Fathi
S1082,Omar Sayed
S1083,Abdullah Tarek
S1084,Ibrahim Mansour
S1085,Khaled Hussein
S1086,Mohamed Tarek
S1087,Ali Ali
S1088,Abdullah Ali
S1089,Mahmoud Ali
S1090,Omar Mansour
S1091,Ibrahim Shams
S1092,Ibrahim Mansour
S1093,Mohamed Mansour
S1094,Ahmed Khalil
S1095,Ibrahim Fouad
S1096,Ibrahim Sayed
S1097,Khaled Hussein
S1098,Mahmoud Sayed
S1099,Hassan Fathi
S1100,Abdullah Shams
S1101,Ali Tarek
S1102,Ahmed Hussein
S1103,Youssef Tarek
S1104,Ali Ali
S1105,Youssef Ali
S1106,Hassan Tarek
S1107,Mohamed Ali
S1108,Youssef Nabil
S1109,Mohamed Fouad
S1110,Mohamed Nabil
S1111,Khaled Fouad
S1112,Omar Nabil
S1113,Ibrahim Khalil
S1114,Ibrahim Mansour
S1115,Abdullah Fouad
S1116,Ibrahim Hussein
S1117,Youssef Khalil
S1118,Ahmed Khalil
S1119,Omar Tarek
S1120,Omar Fathi
S1121,Omar Fouad
S1122,Omar Tarek
S1123,Mohamed Tarek
S1124,Khaled Sayed
S1125,Youssef Mansour
S1126,Hassan Hussein
S1127,Khaled Fathi
S1128,Khaled Mansour
S1129,Mohamed Shams
S1130,Youssef Sayed
S1131,Ibrahim Nabil
S1132,Khaled Khalil
S1133,Hassan Fathi
S1134,Mahmoud Khalil
S1135,Ali Fouad
S1136,Khaled Shams
S1137,Omar Ali
S1138,Ahmed Fouad
S1139,Khaled Khalil
S1140,Ali Hussein
S1141,Hassan Hussein
S1142,Ibrahim Ali
S1143,Mahmoud Tarek
S1144,Mohamed Hussein
S1145,Ali Mansour
S1146,Mohamed Hussein
S1147,Omar Fathi
S1148,Mohamed Ali
S1149,Mahmoud Shams
S1150,Ibrahim Sayed
S1151,Ali Ali
S1152,Ahmed Ali
S1153,Abdullah Nabil
S1154,Mohamed Fathi
S1155,Ahmed Fouad
S1156,Ali Fouad
S1157,Mohamed Ali
S1158,Ahmed Khalil
S1159,Mahmoud Khalil
S1160,Mohamed Fouad
S1161,Ahmed Hussein
S1162,Omar Nabil
S1163,Ali Shams
S1164,Abdullah Fouad
S1165,Youssef Fathi
S1166,Ibrahim Nabil
S1167,Mohamed Nabil
S1168,Abdullah Khalil
S1169,Omar Khalil
S1170,Ahmed Ali
S1171,Ali Shams
S1172,Mahmoud Nabil
S1173,Hassan Fouad
S1174,Youssef Fathi
S1175,Youssef Hussein
S1176,Mohamed Hussein
S1177,Ali Fathi
S1178,Abdullah Hussein
S1179,Youssef Fouad
S1180,Abdullah Khalil
S1181,Omar Sayed
S1182,Omar Shams
S1183,Omar Shams
S1184,Ahmed Fathi
S1185,Hassan Tarek
S1186,Omar Sayed
S1187,Ahmed Fouad
S1188,Mohamed Hussein
S1189,Mahmoud Khalil
S1190,Khaled Sayed
S1191,Youssef Sayed
S1192,Khaled Mansour
S1193,Khaled Khalil
S1194,Mohamed Khalil
S1195,Ahmed Tarek
S1196,Youssef Shams
S1197,Ahmed Fouad
S1198,Khaled Sayed
S1199,Ahmed Nabil
S1200,Khaled Hussein
S1201,Hassan Khalil
S1202,Khaled Hussein
S1203,Youssef Shams
S1204,Mahmoud Fouad
S1205,Abdullah Mansour
S1206,Youssef Sayed
S1207,Mohamed Mansour
S1208,Youssef Sayed
S1209,Youssef Sayed
S1210,Omar Sayed
S1211,Abdullah Sayed
S1212,Ahmed Fouad
S1213,Ahmed Fathi
S1214,Mohamed Ali
S1215,Ahmed Mansour
S1216,Ali Ali
S1217,Ahmed Shams
S1218,Khaled Tarek
S1219,Youssef Fathi
S1220,Ibrahim Tarek
S1221,Abdullah Ali
S1222,Mahmoud Tarek
S1223,Khaled Fathi
S1224,Mohamed Khalil
S1225,Ibrahim Sayed
S1226,Youssef Fouad
S1227,Ibrahim Fouad
S1228,Omar Sayed
S1229,Mohamed Mansour
S1230,Ahmed Fathi
S1231,Hassan Khalil
S1232,Youssef Ali
S1233,Ibrahim Hussein
S1234,Ali Shams
S1235,Hassan Shams
S1236,Khaled Fathi
S1237,Mohamed Shams
S1238,Youssef Tarek
S1239,Omar Mansour
S1240,Ibrahim Fathi
S1241,Youssef Nabil
S1242,Khaled Nabil
S1243,Abdullah Shams
S1244,Mohamed Nabil
S1245,Omar Mansour
S1246,Khaled Sayed
S1247,Omar Khalil
S1248,Khaled Fathi
S1249,Ahmed Hussein
S1250,Mahmoud Fathi
S1251,Ahmed Tarek
S1252,Mahmoud Tarek
S1253,Omar Hussein
S1254,Mahmoud Shams
S1255,Hassan Mansour
S1256,Ahmed Fouad
S1257,Mohamed Ali
S1258,Ibrahim Khalil
S1259,Omar Sayed
S1260,Mohamed Sayed
S1261,Mohamed Fouad
S1262,Khaled Khalil
S1263,Hassan Fathi
S1264,Mahmoud Sayed
S1265,Ali Ali
S1266,Omar Khalil
S1267,Mohamed Khalil
S1268,Youssef Tarek
S1269,Mohamed Fathi
S1270,Ibrahim Fathi
S1271,Abdullah Khalil
S1272,Ibrahim Nabil
S1273,Youssef Fouad
S1274,Mahmoud Nabil
S1275,Abdullah Nabil
S1276,Youssef Fouad
S1277,Youssef Fouad
S1278,Ahmed Shams
S1279,Mohamed Mansour
S1280,Mahmoud Sayed
S1281,Mohamed Tarek
S1282,Ibrahim Shams
S1283,Mohamed Sayed
S1284,Ibrahim Shams
S1285,Omar Shams
S1286,Hassan Nabil
S1287,Youssef Nabil
S1288,Omar Mansour
S1289,Mohamed Shams
S1290,Abdullah Sayed
S1291,Ahmed Sayed
S1292,Ibrahim Sayed
S1293,Khaled Khalil
S1294,Mohamed Tarek
S1295,Youssef Nabil
S1296,Mohamed Hussein
S1297,Ahmed Fathi
S1298,Youssef Fathi
S1299,Ahmed Ali
S1300,Hassan Nabil
S1301,Mahmoud Shams
S1302,Youssef Mansour
S1303,Omar Mansour
S1304,Abdullah Fathi
S1305,Khaled Khalil
S1306,Hassan Ali
S1307,Ali Mansour
S1308,Khaled Sayed
S1309,Ibrahim Tarek
S1310,Omar Mansour
S1311,Hassan Mansour
S1312,Mohamed Tarek
S1313,Youssef Nabil
S1314,Khaled Nabil
S1315,Ali Khalil
S1316,Mahmoud Ali
S1317,Omar Khalil
S1318,Ahmed Nabil
S1319,Ibrahim Shams
S1320,Omar Sayed
S1321,Ibrahim Mansour
S1322,Khaled Fathi
S1323,Mahmoud Hussein
S1324,Youssef Fouad
S1325,Ibrahim Hussein
S1326,Omar Fouad
S1327,Hassan Fouad
S1328,Mahmoud Ali
S1329,Omar Nabil
S1330,Ali Shams
S1331,Mahmoud Fouad
S1332,Ibrahim Sayed
S1333,Youssef Sayed
S1334,Omar Fathi
S1335,Khaled Mansour
S1336,Ahmed Shams
S1337,Khaled Khalil
S1338,Ibrahim Tarek
S1339,Mahmoud Tarek
S1340,Hassan Ali
S1341,Abdullah Sayed
S1342,Ibrahim Mansour
S1343,Hassan Shams
S1344,Khaled Hussein
S1345,Ahmed Sayed
S1346,Mahmoud Hussein
S1347,Hassan Tarek
S1348,Mahmoud Nabil
S1349,Abdullah Nabil
S1350,Omar Ali
S1351,Youssef Khalil
S1352,Youssef Khalil
S1353,Omar Nabil
S1354,Abdullah Nabil
S1355,Ibrahim Tarek
S1356,Ahmed Fathi
S1357,Hassan Ali
S1358,Ibrahim Tarek
S1359,Omar Nabil
S1360,Omar Fathi
S1361,Ali Shams
S1362,Ahmed Fouad
S1363,Mahmoud Khalil
S1364,Khaled Hussein
S1365,Hassan Ali
S1366,Ali Nabil
S1367,Mohamed Ali
S1368,Mohamed Nabil
S1369,Ali Khalil
S1370,Mohamed Tarek
S1371,Mohamed Sayed
S1372,Ahmed Tarek
S1373,Ahmed Ali
S1374,Mahmoud Sayed
S1375,Mahmoud Sayed
S1376,Khaled Shams
S1377,Omar Fouad
S1378,Youssef Fathi
S1379,Khaled Fouad
S1380,Ahmed Hussein
S1381,Ahmed Mansour
S1382,Mohamed Tarek
S1383,Abdullah Fouad
S1384,Ali Mansour
S1385,Abdullah Fathi
S1386,Mahmoud Nabil
S1387,Khaled Tarek
S1388,Abdullah Khalil
S1389,Ibrahim Hussein
S1390,Omar Mansour
S1391,Ahmed Tarek
S1392,Youssef Fathi
S1393,Abdullah Sayed
S1394,Ibrahim Shams
S1395,Omar Khalil
S1396,Hassan Ali
S1397,Mahmoud Sayed
S1398,Khaled Hussein
S1399,Ali Sayed
S1400,Abdullah Fouad
S1401,Ali Hussein
S1402,Mohamed Khalil
S1403,Omar Sayed
S1404,Abdullah Khalil
S1405,Youssef Sayed
S1406,Ibrahim Khalil
S1407,Ahmed Mansour
S1408,Mohamed Hussein
S1409,Omar Khalil
S1410,Youssef Sayed
S1411,Mahmoud Nabil
S1412,Omar Khalil
S1413,Abdullah Mansour
S1414,Hassan Nabil
S1415,Khaled Sayed
S1416,Mahmoud Shams
S1417,Mahmoud Fathi
S1418,Mohamed Mansour
S1419,Ali Mansour
S1420,Khaled Sayed
S1421,Khaled Mansour
S1422,Ali Ali
S1423,Ali Fouad
S1424,Ali Khalil
S1425,Ibrahim Sayed
S1426,Ali Khalil
S1427,Khaled Mansour
S1428,Ibrahim Nabil
S1429,Youssef Nabil
S1430,Khaled Nabil
S1431,Hassan Hussein
S1432,Ali Ali
S1433,Ali Nabil
S1434,Mahmoud Fathi
S1435,Youssef Fathi
S1436,Abdullah Fathi
S1437,Omar Khalil
S1438,Abdullah Khalil
S1439,Abdullah Sayed
S1440,Ahmed Sayed
S1441,Youssef Mansour
S1442,Omar Tarek
S1443,Mahmoud Fathi
S1444,Mohamed Nabil
S1445,Abdullah Tarek
S1446,Hassan Fouad
S1447,Ibrahim Shams
S1448,Ahmed Ali
S1449,Hassan Ali
S1450,Khaled Tarek
S1451,Mahmoud Hussein
S1452,Ibrahim Fouad
S1453,Ibrahim Nabil
S1454,Mohamed Hussein
S1455,Hassan Nabil
S1456,Ahmed Hussein
S1457,Mohamed Fathi
S1458,Mahmoud Mansour
S1459,Ibrahim Hussein
S1460,Ahmed Khalil
S1461,Ali Khalil
S1462,Mahmoud Tarek
S1463,Omar Hussein
S1464,Omar Ali
S1465,Abdullah Fathi
S1466,Ahmed Fouad
S1467,Mohamed Hussein
S1468,Khaled Ali
S1469,Hassan Nabil
S1470,Khaled Nabil
S1471,Ibrahim Shams
S1472,Omar Shams
S1473,Khaled Mansour
S1474,Khaled Ali
S1475,Ibrahim Nabil
S1476,Hassan Ali
S1477,Ahmed Nabil
S1478,Ali Fathi
S1479,Ibrahim Fathi
S1480,Ahmed Sayed
S1481,Ahmed Shams
S1482,Omar Khalil
S1483,Ibrahim Tarek
S1484,Omar Fouad
S1485,Mahmoud Hussein
S1486,Hassan Khalil
S1487,Ibrahim Khalil
S1488,Ahmed Sayed
S1489,Ali Ali
S1490,Abdullah Fathi
S1491,Ali Mansour
S1492,Omar Tarek
S1493,Mohamed Fouad
S1494,Mohamed Ali
S1495,Mahmoud Mansour
S1496,Mohamed Fouad
S1497,Ali Nabil
S1498,Ali Fathi
S1499,Abdullah Hussein
S1500,Abdullah Shams
S1501,Omar Hussein
S1502,Ahmed Tarek
S1503,Ibrahim Fouad
S1504,Abdullah Mansour
S1505,Ahmed Hussein
S1506,Ibrahim Mansour
S1507,Mahmoud Ali
S1508,Youssef Fouad
S1509,Hassan Hussein
S1510,Ali Tarek
S1511,Ibrahim Hussein
S1512,Mohamed Sayed
S1513,Khaled Shams
S1514,Mohamed Fouad
S1515,Youssef Hussein
S1516,Abdullah Shams
S1517,Youssef Sayed
S1518,Mahmoud Hussein
S1519,Ibrahim Nabil
S1520,Mahmoud Mansour
S1521,Mahmoud Ali
S1522,Ahmed Hussein
S1523,Khaled Ali
S1524,Hassan Ali
S1525,Ahmed Tarek
S1526,Mohamed Ali
S1527,Ahmed Tarek
S1528,Abdullah Sayed
S1529,Khaled Fathi
S1530,Abdullah Fathi
S1531,Ali Hussein
S1532,Mahmoud Hussein
S1533,Omar Tarek
S1534,Mohamed Mansour
S1535,Mahmoud Tarek
S1536,Ibrahim Hussein
S1537,Ali Mansour
S1538,Hassan Tarek
S1539,Ali Fouad
S1540,Omar Tarek
S1541,Omar Fathi
S1542,Ali Fathi
S1543,Omar Shams
S1544,Hassan Mansour
S1545,Khaled Sayed
S1546,Mahmoud Nabil
S1547,Ali Fouad
S1548,Mohamed Nabil
S1549,Ahmed Khalil
S1550,Mahmoud Mansour
S1551,Ahmed Khalil
S1552,Mahmoud Nabil
S1553,Mahmoud Fouad
S1554,Ibrahim Fathi
S1555,Mohamed Mansour
S1556,Omar Tarek
S1557,Youssef Ali
S1558,Youssef Fathi
S1559,Ahmed Tarek
S1560,Mahmoud Sayed
S1561,Mahmoud Khalil
S1562,Youssef Nabil
S1563,Ibrahim Tarek
S1564,Mohamed Fouad
S1565,Youssef Fathi
S1566,Hassan Fouad
S1567,Mohamed Sayed
S1568,Hassan Sayed
S1569,Ibrahim Khalil
S1570,Youssef Hussein
S1571,Khaled Khalil
S1572,Ali Fouad
S1573,Mohamed Nabil
S1574,Ali Fathi
S1575,Ahmed Sayed
S1576,Hassan Tarek
S1577,Hassan Tarek
S1578,Khaled Khalil
S1579,Khaled Nabil
S1580,Mahmoud Sayed
S1581,Omar Sayed
S1582,Hassan Hussein
S1583,Hassan Ali
S1584,Ali Mansour
S1585,Ali Hussein
S1586,Abdullah Tarek
S1587,Hassan Fouad
S1588,Abdullah Mansour
S1589,Ibrahim Shams
S1590,Youssef Mansour
S1591,Hassan Fathi
S1592,Mohamed Fathi
S1593,Ibrahim Khalil
S1594,Ali Ali
S1595,Omar Nabil
S1596,Hassan Tarek
S1597,Ahmed Sayed
S1598,Ahmed Ali
S1599,Ali Ali
S1600,Hassan Fouad
S1601,Mahmoud Hussein
S1602,Ibrahim Shams
S1603,Abdullah Fouad
S1604,Abdullah Hussein
S1605,Mahmoud Tarek
S1606,Omar Sayed
S1607,Ibrahim Fathi
S1608,Abdullah Nabil
S1609,Mohamed Mansour
S1610,Mohamed Fathi
S1611,Hassan Fouad
S1612,Abdullah Tarek
S1613,Khaled Shams
S1614,Ahmed Fouad
S1615,Mahmoud Sayed
S1616,Youssef Hussein
S1617,Ali Nabil
S1618,Omar Ali
S1619,Hassan Fathi
S1620,Hassan Nabil
S1621,Ali Tarek
S1622,Hassan Ali
S1623,Khaled Khalil
S1624,Ibrahim Ali
S1625,Ibrahim Shams
S1626,Khaled Nabil
S1627,Ahmed Sayed
S1628,Omar Shams
S1629,Khaled Fouad
S1630,Omar Tarek
S1631,Youssef Ali
S1632,Ibrahim Khalil
S1633,Ali Shams
S1634,Youssef Ali
S1635,Ahmed Sayed
S1636,Mahmoud Tarek
S1637,Abdullah Nabil
S1638,Hassan Fouad
S1639,Khaled Shams
S1640,Mohamed Sayed
S1641,Hassan Hussein
S1642,Ali Sayed
S1643,Omar Mansour
S1644,Mahmoud Fouad
S1645,Khaled Khalil
S1646,Mohamed Tarek
S1647,Abdullah Mansour
S1648,Youssef Shams
S1649,Mahmoud Sayed
S1650,Ali Fouad
S1651,Khaled Fouad
S1652,Khaled Nabil
S1653,Omar Tarek
S1654,Ibrahim Fathi
S1655,Mahmoud Sayed
S1656,Ahmed Mansour
S1657,Khaled Nabil
S1658,Ibrahim Nabil
S1659,Khaled Hussein
S1660,Ibrahim Sayed
S1661,Hassan Khalil
S1662,Mohamed Mansour
S1663,Omar Fouad
S1664,Ibrahim Fouad
S1665,Abdullah Ali
S1666,Ali Fouad
S1667,Hassan Fouad
S1668,Khaled Fouad
S1669,Mahmoud Fouad
S1670,Ahmed Fouad
S1671,Youssef Mansour
S1672,Khaled Shams
S1673,Mahmoud Mansour
S1674,Mohamed Nabil
S1675,Mohamed Tarek
S1676,Ibrahim Mansour
S1677,Ibrahim Nabil
S1678,Youssef Nabil
S1679,Khaled Nabil
S1680,Youssef Fathi
S1681,Hassan Shams
S1682,Youssef Fathi
S1683,Youssef Sayed
S1684,Mohamed Shams
S1685,Mahmoud Nabil
S1686,Ali Khalil
S1687,Ali Khalil
S1688,Hassan Fathi
S1689,Omar Fathi
S1690,Ibrahim Ali
S1691,Khaled Sayed
S1692,Mahmoud Tarek
S1693,Youssef Mansour
S1694,Hassan Nabil
S1695,Abdullah Mansour
S1696,Khaled Fouad
S1697,Hassan Nabil
S1698,Mohamed Shams
S1699,Khaled Nabil
S1700,Mahmoud Ali
S1701,Abdullah Ali
S1702,Ibrahim Fouad
S1703,Omar Shams
S1704,Hassan Khalil
S1705,Abdullah Sayed
S1706,Mahmoud Shams
S1707,Abdullah Fathi
S1708,Omar Fathi
S1709,Mohamed Shams
S1710,Omar Tarek
S1711,Ibrahim Sayed
S1712,Ibrahim Shams
S1713,Mahmoud Sayed
S1714,Omar Ali
S1715,Mohamed Tarek
S1716,Ibrahim Fouad
S1717,Abdullah Mansour
S1718,Mahmoud Nabil
S1719,Ali Hussein
S1720,Omar Mansour
S1721,Abdullah Ali
S1722,Youssef Tarek
S1723,Omar Mansour
S1724,Mahmoud Nabil
S1725,Khaled Nabil
S1726,Hassan Hussein
S1727,Abdullah Ali
S1728,Mohamed Hussein
S1729,Omar Sayed
S1730,Ali Khalil
S1731,Hassan Mansour
S1732,Ali Shams
S1733,Omar Ali
S1734,Hassan Sayed
S1735,Youssef Nabil
S1736,Ibrahim Hussein
S1737,Youssef Nabil
S1738,Mohamed Mansour
S1739,Ali Hussein
S1740,Omar Fathi
S1741,Ibrahim Shams
S1742,Ahmed Fathi
S1743,Mahmoud Nabil
S1744,Hassan Tarek
S1745,Khaled Mansour
S1746,Hassan Ali
S1747,Hassan Ali
S1748,Ibrahim Tarek
S1749,Ali Tarek
S1750,Mohamed Khalil
S1751,Ahmed Shams
S1752,Youssef Sayed
S1753,Omar Khalil
S1754,Youssef Fathi
S1755,Hassan Nabil
S1756,Youssef Shams
S1757,Mahmoud Sayed
S1758,Ali Sayed
S1759,Abdullah Nabil
S1760,Omar Nabil
S1761,Ahmed Hussein
S1762,Ibrahim Tarek
S1763,Mahmoud Ali
S1764,Mohamed Shams
S1765,Mahmoud Sayed
S1766,Ali Hussein
S1767,Ali Fouad
S1768,Omar Tarek
S1769,Hassan Khalil
S1770,Youssef Fathi
S1771,Mahmoud Fouad
S1772,Hassan Mansour
S1773,Mohamed Fathi
S1774,Hassan Ali
S1775,Hassan Ali
S1776,Khaled Ali
S1777,Mohamed Hussein
S1778,Mahmoud Mansour
S1779,Hassan Khalil
S1780,Mohamed Shams
S1781,Ibrahim Shams
S1782,Abdullah Nabil
S1783,Youssef Mansour
S1784,Omar Hussein
S1785,Ibrahim Khalil
S1786,Omar Nabil
S1787,Khaled Tarek
S1788,Youssef Khalil
S1789,Mohamed Tarek
S1790,Abdullah Hussein
S1791,Omar Khalil
S1792,Khaled Khalil
S1793,Ali Khalil
S1794,Khaled Tarek
S1795,Ali Hussein
S1796,Ali Tarek
S1797,Khaled Shams
S1798,Hassan Ali
S1799,Mohamed Khalil
S1800,Ahmed Shams
S1801,Khaled Tarek
S1802,Mahmoud Shams
S1803,Mohamed Sayed
S1804,Hassan Sayed
S1805,Ali Tarek
S1806,Mohamed Mansour
S1807,Khaled Mansour
S1808,Youssef Fathi
S1809,Khaled Tarek
S1810,Ibrahim Khalil
S1811,Khaled Shams
S1812,Ali Sayed
S1813,Mahmoud Hussein
S1814,Ahmed Fouad
S1815,Omar Mansour
S1816,Omar Nabil
S1817,Ahmed Nabil
S1818,Ali Nabil
S1819,Mahmoud Nabil
S1820,Ali Sayed
S1821,Mohamed Ali
S1822,Omar Tarek
S1823,Ibrahim Sayed
S1824,Ali Hussein
S1825,Mahmoud Tarek
S1826,Mohamed Fouad
S1827,Ali Hussein
S1828,Abdullah Mansour
S1829,Ibrahim Shams
S1830,Youssef Hussein
S1831,Ibrahim Tarek
S1832,Hassan Fathi
S1833,Khaled Fouad
S1834,Hassan Shams
S1835,Abdullah Fouad
S1836,Ibrahim Hussein
S1837,Abdullah Hussein
S1838,Mohamed Khalil
S1839,Omar Hussein
S1840,Ali Fouad
S1841,Mohamed Sayed
S1842,Ali Khalil
S1843,Khaled Fouad
S1844,Mohamed Fathi
S1845,Youssef Khalil
S1846,Mahmoud Ali
S1847,Abdullah Nabil
S1848,Hassan Hussein
S1849,Youssef Shams
S1850,Mahmoud Tarek
S1851,Khaled Khalil
S1852,Mohamed Khalil
S1853,Youssef Shams
S1854,Ali Fathi
S1855,Hassan Hussein
S1856,Hassan Shams
S1857,Omar Shams
S1858,Abdullah Shams
S1859,Youssef Shams
S1860,Ibrahim Fouad
S1861,Abdullah Fathi
S1862,Mohamed Shams
S1863,Mohamed Nabil
S1864,Youssef Khalil
S1865,Hassan Shams
S1866,Ibrahim Shams
S1867,Mohamed Khalil
S1868,Ahmed Hussein
S1869,Khaled Fouad
S1870,Abdullah Nabil
S1871,Ibrahim Hussein
S1872,Abdullah Fathi
S1873,Ali Khalil
S1874,Abdullah Tarek
S1875,Khaled Hussein
S1876,Abdullah Hussein
S1877,Mahmoud Sayed
S1878,Mahmoud Fathi
S1879,Ahmed Shams
S1880,Mohamed Tarek
S1881,Hassan Mansour
S1882,Ibrahim Sayed
S1883,Abdullah Khalil
S1884,Mohamed Ali
S1885,Mahmoud Khalil
S1886,Abdullah Fouad
S1887,Mohamed Mansour
S1888,Ahmed Khalil
S1889,Mahmoud Fathi
S1890,Ibrahim Nabil
S1891,Hassan Sayed
S1892,Ali Shams
S1893,Khaled Fouad
S1894,Omar Sayed
S1895,Ali Fathi
S1896,Ali Fouad
S1897,Hassan Mansour
S1898,Hassan Fathi
S1899,Ahmed Khalil
S1900,Mohamed Sayed
S1901,Khaled Nabil
S1902,Ahmed Nabil
S1903,Abdullah Fathi
S1904,Abdullah Tarek
S1905,Abdullah Shams
S1906,Mohamed Sayed
S1907,Ibrahim Tarek
S1908,Abdullah Khalil
S1909,Ibrahim Sayed
S1910,Hassan Hussein
S1911,Mohamed Shams
S1912,Ibrahim Sayed
S1913,Mohamed Shams
S1914,Youssef Tarek
S1915,Youssef Mansour
S1916,Omar Khalil
S1917,Abdullah Nabil
S1918,Hassan Shams
S1919,Khaled Khalil
S1920,Ibrahim Hussein
S1921,Youssef Khalil
S1922,Ahmed Tarek
S1923,Hassan Sayed
S1924,Ahmed Tarek
S1925,Khaled Tarek
S1926,Mohamed Shams
S1927,Mohamed Sayed
S1928,Ibrahim Fouad
S1929,Hassan Tarek
S1930,Ali Tarek
S1931,Hassan Tarek
S1932,Ali Ali
S1933,Youssef Nabil
S1934,Ibrahim Hussein
S1935,Omar Nabil
S1936,Ali Tarek
S1937,Ahmed Tarek
S1938,Ali Nabil
S1939,Ibrahim Ali
S1940,Khaled Nabil
S1941,Ibrahim Fathi
S1942,Ibrahim Ali
S1943,Omar Nabil
S1944,Mahmoud Ali
S1945,Khaled Shams
S1946,Youssef Fathi
S1947,Ali Ali
S1948,Ali Khalil
S1949,Khaled Fathi
S1950,Ali Tarek
S1951,Youssef Sayed
S1952,Mahmoud Fathi
S1953,Ahmed Ali
S1954,Omar Shams
S1955,Youssef Tarek
S1956,Hassan Sayed
S1957,Omar Mansour
S1958,Ibrahim Nabil
S1959,Omar Shams
S1960,Mahmoud Khalil
S1961,Khaled Nabil
S1962,Ibrahim Khalil
S1963,Abdullah Sayed
S1964,Mahmoud Tarek
S1965,Abdullah Ali
S1966,Hassan Shams
S1967,Ahmed Shams
S1968,Youssef Nabil
S1969,Mohamed Ali
S1970,Abdullah Fathi
S1971,Khaled Khalil
S1972,Abdullah Fouad
S1973,Ahmed Fathi
S1974,Youssef Nabil
S1975,Khaled Tarek
S1976,Abdullah Tarek
S1977,Omar Ali
S1978,Abdullah Khalil
S1979,Ali Fathi
S1980,Mohamed Ali
S1981,Ibrahim Fathi
S1982,Youssef Ali
S1983,Mohamed Nabil
S1984,Khaled Nabil
S1985,Abdullah Khalil
S1986,Omar Hussein
S1987,Youssef Ali
S1988,Omar Ali
S1989,Ali Shams
S1990,Khaled Sayed
S1991,Ahmed Sayed
S1992,Ahmed Tarek
S1993,Abdullah Ali
S1994,Ahmed Fouad
S1995,Youssef Khalil
S1996,Mahmoud Fouad
S1997,Khaled Fouad
S1998,Hassan Nabil
S1999,Omar Hussein
S2000,Ahmed Mansour
